FAILURECLASS;PROBLEM;CAUSE;REMEDY
ACERO;ESTRUCT;DESPLTER;REPARAR
ACERO;ESTRUCT;INSTALAC;REPARAR
ACERO;ESTRUCT;TERCEROS;REPARAR
ACERO;FUGA;ACCESORIO;CAMBIAR
ACERO;FUGA;ACCESORIO;REPARAR
ACERO;FUGA;CORREXT;REPARAR
ACERO;FUGA;CORRINT;REPARAR
ACERO;FUGA;DESGASTE;CAMBIAR
ACERO;FUGA;DESGASTE;REPARAR
ACERO;FUGA;DESPLTER;REPARAR
ACERO;FUGA;FABRICAC;REPARAR
ACERO;FUGA;INSTALAC;REPARAR
ACERO;FUGA;OPERAC;REPARAR
ACERO;FUGA;TERCEROS;REPARAR
ACERO;FUGAS;BRIDA;CAMBIAR
ACERO;FUGAS;BRIDA;REPARAR
ACERO;FUGAS;CORROSIO;CAMBIAR
ACERO;FUGAS;SELL.MAL;REPARAR
ACERO;FUGAS;VIDA.UT;CAMBIAR
ACERO;OBSTRU;LIMP.DEF;LIMPIAR
ACERO;OBSTRUCC;CONTAMIN;LIMPIAR
ACERO;RECUBRIM;INST.TER;REPARAR
ACERO;RECUBRIM;TERCERO;REPARAR
ACERO;ROTURA;ATENTADO;CAMBIAR
ACERO;ROTURA;ATENTADO;REPARAR
ACERO;ROTURA;CORR.PAR;CAMBIAR
ACERO;ROTURA;CORR.PAR;REPARAR
ACERO;ROTURA;CORREXT;CAMBIAR
ACERO;ROTURA;CORREXT;REPARAR
ACERO;ROTURA;CORRINT;CAMBIAR
ACERO;ROTURA;CORRINT;REPARAR
ACERO;ROTURA;DESGASTE;CAMBIAR
ACERO;ROTURA;DESGASTE;REPARAR
ACERO;ROTURA;DESP.TER;CAMBIAR
ACERO;ROTURA;DESP.TER;REPARAR
ACERO;ROTURA;DESPLTER;CAMBIAR
ACERO;ROTURA;DESPLTER;REPARAR
ACERO;ROTURA;EQUIPOS;CAMBIAR
ACERO;ROTURA;EQUIPOS;REPARAR
ACERO;ROTURA;FABRICAC;CAMBIAR
ACERO;ROTURA;FABRICAC;REPARAR
ACERO;ROTURA;INSTALAC;CAMBIAR
ACERO;ROTURA;INSTALAC;REPARAR
ACERO;ROTURA;MALD;AJUSTAR
ACERO;ROTURA;MALD;REPARAR
ACERO;ROTURA;MAT.ORG;CAMBIAR
ACERO;ROTURA;MAT.ORG;REPARAR
ACERO;ROTURA;OPERAC;CAMBIAR
ACERO;ROTURA;OPERAC;REPARAR
ACERO;ROTURA;SOBREPRE;REPARAR
ACERO;ROTURA;TERCERO;CAMBIAR
ACERO;ROTURA;TERCERO;REPARAR
ACERO;ROTURA;TERCEROS;CAMBIAR
ACERO;ROTURA;TERCEROS;REPARAR
ACERO;ROTURA;VIDA.UT;CAMBIAR
BATERIAS;AGRIETAD;SOBCARGA;CAMBIAR
BATERIAS;CORTO;INSTALAC;CAMBIAR
BATERIAS;FUGA;ACCESORIO;CAMBIAR
BATERIAS;FUGA;ACCESORIO;REPARAR
BATERIAS;POTBAJA;DESGASTE;CAMBIAR
BATERIAS;POTBAJA;GRAVBAJA;CAMBIAR
BATERIAS;POTBAJA;SOBCARGA;CAMBIAR
BATERIAS;VOLINTER;CONXSUEL;REPARAR
BATERIAS;VOLINTER;TERCORRO;REPARAR
BATERIAS;VOLINTER;TERFLOJA;CAMBIAR
BATERIAS;VOLINTER;TERFLOJA;REPARAR
BOMBA;BAJODESP;CONTAMIN;LIMPIAR
BOMBA;BAJODESP;IMPDANA;CAMBIAR
BOMBA;FLUJINTE;IMPDANA;CAMBIAR
BOMBA;FUGA;ACCESORIO;CAMBIAR
BOMBA;FUGA;ACCESORIO;REPARAR
BOMBA;FUGA;CORREXT;REPARAR
BOMBA;FUGAEMP;EMPDANA;CAMBIAR
BOMBA;FUGASELL;CARASELL;CAMBIAR
BOMBA;FUGASELL;CARASELL;REPARAR
BOMBA;FUGASELL;PRESSELL;REPARAR
BOMBA;GRIECARC;CORREXT;CAMBIAR
BOMBA;GRIECARC;CORREXT;REPARAR
BOMBA;SINFLUJO;FALLACOP;CAMBIAR
BOMBA;SINFLUJO;FALLACOP;REPARAR
BOMBA;SINFLUJO;IMPATASC;LIMPIAR
BOMBA;SOBRECAL;CAVITACI;REPARAR
BOMBA;SOBRECAL;RODRECAL;CAMBIAR
BOMBA;SOBRECAL;RODRECAL;REPARAR
BOMBA;VIBRACIO;CAVITACI;REPARAR
BOMBA;VIBRACIO;DESBALAN;BALANCEA
BOMBA;VIBRACIO;EJEDOBLA;CAMBIAR
BOMBA;VIBRACIO;EJEDOBLA;REPARAR
BOMBA;VIBRACIO;RODFALLA;CAMBIAR
CARGADOR;BATERIA;BATE.DESCAR;CAMBIAR
CARGADOR;BATERIA;BATE.DESCAR;CARGAR
CARGADOR;BATERIA;DANOTOTAL;CAMBIAR
CARGADOR;CABPUETIEFAL;CABLESUELTO;SOLDAR
CARGADOR;CABPUETIEFAL;CABTIERROTO;CAMBIAR
CARGADOR;CAJATRAN_FALLA;COJINETE_FALLA;REMPLAZAR
CARGADOR;CAJATRAN_FALLA;ENGR_DESGASTE;REMPLAZAR
CARGADOR;CAJATRAN_FALLA;NIVEL_OIL_BAJO;REPONER
CARGADOR;CAJATRAN_FALLA;SINCRO_DESGAST;REMPLAZAR
CARGADOR;CONFIGURACION;PERDI.CONFIG;CONFIGURAR
CARGADOR;CONVPAR_FALLA;COJINETE_FALLA;REMPLAZAR
CARGADOR;CONVPAR_FALLA;ELECTRIC_FALLA;REPARAR
CARGADOR;CONVPAR_FALLA;FUGA_OIL;REPARAR
CARGADOR;CONVPAR_FALLA;IMPULSOR_FALLA;REMPLAZAR
CARGADOR;CONVPAR_FALLA;NIVEL_OIL_BAJO;REPONER
CARGADOR;DIFERENC_FALLA;ENGR_DESGASTE;REMPLAZAR
CARGADOR;DIFERENC_FALLA;NIVEL_OIL_BAJO;REPONER
CARGADOR;DIFERENC_FALLA;OPERACION_MALA;REMPLAZAR
CARGADOR;DIFERENC_FALLA;RODAMIEN_FALLA;REMPLAZAR
CARGADOR;DIRECCIO_FALLA;ALINEAC_DESVIA;AJUSTAR
CARGADOR;DIRECCIO_FALLA;ENGR_DESAJUSTE;AJUSTAR
CARGADOR;DIRECCIO_FALLA;NIVEL_HCO_BAJO;REPONER
CARGADOR;DIRECCIO_FALLA;ROTULA_FALLA;REMPLAZAR
CARGADOR;DISP.BLO;BLOQUEO;REINICIAR
CARGADOR;ELECTRIC_FALLA;BATERIA_FALLA;CARGAR
CARGADOR;ELECTRIC_FALLA;BATERIA_FALLA;REMPLAZAR
CARGADOR;ELECTRIC_FALLA;CORTO_SIST_ELE;REPARAR
CARGADOR;ELECTRIC_FALLA;FUSIBLE_MALO;REPARAR
CARGADOR;FRENOS_FALLA;COMPRESO_FALLA;REMPLAZAR
CARGADOR;FRENOS_FALLA;COMPRESO_FALLA;REPARAR
CARGADOR;FRENOS_FALLA;GUAYA_FALLA;AJUSTAR
CARGADOR;FRENOS_FALLA;GUAYA_FALLA;REMPLAZAR
CARGADOR;FRENOS_FALLA;LIN_AIRE_ROTA;REMPLAZAR
CARGADOR;FRENOS_FALLA;LIN_AIRE_ROTA;REPARAR
CARGADOR;FRENOS_FALLA;SECADOR_FALLA;REMPLAZAR
CARGADOR;FRENOS_FALLA;SECADOR_FALLA;REPARAR
CARGADOR;LLANTAS_FALLA;LLANTA_DESGAST;REMPLAZAR
CARGADOR;LLANTAS_FALLA;LLANTA_ROTA;REMPLAZAR
CARGADOR;MANDOSF_FALLA;ENGR_DESGASTE;REMPLAZAR
CARGADOR;MANDOSF_FALLA;NIVEL_OIL_BAJO;REPONER
CARGADOR;MANDOSF_FALLA;RODAMIEN_FALLA;REMPLAZAR
CARGADOR;MOTOR_FALLA;DESGASTE_USO;REMPLAZAR
CARGADOR;MOTOR_FALLA;FUGA_OIL;REPARAR
CARGADOR;MOTOR_FALLA;NIVEL_OIL_BAJO;REPONER
CARGADOR;MOTOR_SOBRECAL;BBA_AGUA_FALLA;REMPLAZAR
CARGADOR;MOTOR_SOBRECAL;BBA_AGUA_FALLA;REPARAR
CARGADOR;MOTOR_SOBRECAL;LIN_ENFRI_ROTA;REMPLAZAR
CARGADOR;MOTOR_SOBRECAL;LIN_ENFRI_ROTA;REPARAR
CARGADOR;MOTOR_SOBRECAL;NIV_REFRI_BAJO;REPONER
CARGADOR;MOTOR_SOBRECAL;NIVEL_OIL_BAJO;REPONER
CARGADOR;MOTOR_SOBRECAL;RADIADR_OBSTRU;LIMPIAR
CARGADOR;MOTOR_SOBRECAL;VENTILAD_FALLA;REMPLAZAR
CARGADOR;MOTOR_SOBRECAL;VENTILAD_FALLA;REPARAR
CARGADOR;NO_OPERA;ACOP_BBA_FALLA;REMPLAZAR
CARGADOR;NO_OPERA;ACOP_BBA_FALLA;REPARAR
CARGADOR;NO_OPERA;BATERIA_FALLA;CARGAR
CARGADOR;NO_OPERA;BATERIA_FALLA;REMPLAZAR
CARGADOR;NO_OPERA;BBA_HCA_FALLA;REMPLAZAR
CARGADOR;NO_OPERA;BBA_HCA_FALLA;REPARAR
CARGADOR;NO_OPERA;BBA_HCA_MAL_IN;CORREGIR
CARGADOR;NO_OPERA;CIL_HCO_FALLA;REMPLAZAR
CARGADOR;NO_OPERA;CIL_HCO_FALLA;REPARAR
CARGADOR;NO_OPERA;CORTO_SIST_ELE;REPARAR
CARGADOR;NO_OPERA;CUCHA_CARG_FAL;REMPLAZAR
CARGADOR;NO_OPERA;CUCHA_CARG_FAL;REPARAR
CARGADOR;NO_OPERA;FUSIBLE_MALO;REPARAR
CARGADOR;NO_OPERA;LIN_HCA_ROTA;REMPLAZAR
CARGADOR;NO_OPERA;LIN_HCA_ROTA;REPARAR
CARGADOR;NO_OPERA;NIVEL_HCO_BAJO;REPONER
CARGADOR;NO_OPERA;RETEN_FALLA;REMPLAZAR
CARGADOR;NO_OPERA;VALV_HCA_FALLA;LIMPIAR
CARGADOR;NO_OPERA;VALV_HCA_FALLA;REMPLAZAR
CARGADOR;NO_OPERA;VALV_HCA_FALLA;REPARAR
CARGADOR;NOCAMBVARIA;SIUICHEMALO;CAMBIAR
CARGADOR;NOCAMBVARIA;TARJCONTMALA;REPARAR
CARGADOR;NOENTREGACD;BORNEABIERTO;CERRAR
CARGADOR;NOENTREGACD;BREAKERABIER;REARMAR
CARGADOR;NOENTREGACD;BREAKERMALO;CAMBIAR
CARGADOR;NOENVSENALAR;FALALIMSEN;RESTABLECER
CARGADOR;NOENVSENALAR;RELEFALLADO;CAMBIAR
CARGADOR;NOLUCEACEPTA;CORROSION;PINTAR
CARGADOR;NOLUCEACEPTA;SUCIEDAD;LIMPIAR
CARGADOR;NOMUESVARIE;INSTRUFALLA;CAMBIAR
CARGADOR;NORECTIVOL;FALALIMCONT;RESTABLECER
CARGADOR;NORECTIVOL;TARJCONTMALA;REPARAR
CARGADOR;NORECTIVOL;TIRISTORFALL;CAMBIAR
CARGADOR;OPERA_LENTO;ACOP_BBA_FALLA;REMPLAZAR
CARGADOR;OPERA_LENTO;ACOP_BBA_FALLA;REPARAR
CARGADOR;OPERA_LENTO;BATERIA_FALLA;CARGAR
CARGADOR;OPERA_LENTO;BATERIA_FALLA;REMPLAZAR
CARGADOR;OPERA_LENTO;BBA_HCA_FALLA;REMPLAZAR
CARGADOR;OPERA_LENTO;BBA_HCA_FALLA;REPARAR
CARGADOR;OPERA_LENTO;BBA_HCA_MAL_IN;CORREGIR
CARGADOR;OPERA_LENTO;CIL_HCO_FALLA;REMPLAZAR
CARGADOR;OPERA_LENTO;CIL_HCO_FALLA;REPARAR
CARGADOR;OPERA_LENTO;CORTO_SIST_ELE;REPARAR
CARGADOR;OPERA_LENTO;CUCHA_CARG_FAL;REMPLAZAR
CARGADOR;OPERA_LENTO;CUCHA_CARG_FAL;REPARAR
CARGADOR;OPERA_LENTO;FUSIBLE_MALO;REPARAR
CARGADOR;OPERA_LENTO;LIN_HCA_ROTA;REMPLAZAR
CARGADOR;OPERA_LENTO;LIN_HCA_ROTA;REPARAR
CARGADOR;OPERA_LENTO;NIVEL_HCO_BAJO;REPONER
CARGADOR;OPERA_LENTO;RETEN_FALLA;REMPLAZAR
CARGADOR;OPERA_LENTO;VALV_HCA_FALLA;LIMPIAR
CARGADOR;OPERA_LENTO;VALV_HCA_FALLA;REMPLAZAR
CARGADOR;OPERA_LENTO;VALV_HCA_FALLA;REPARAR
CARGADOR;PROTECCIONES;PROTECTOR;CAMBIAR
CARGADOR;SERVO_FALLA;COJINETE_FALLA;REMPLAZAR
CARGADOR;SERVO_FALLA;DISC_EMB_FALLA;REMPLAZAR
CARGADOR;SERVO_FALLA;ENGR_DESGASTE;REMPLAZAR
CARGADOR;SERVO_FALLA;HORQUILL_FALLA;REMPLAZAR
CARGADOR;SERVO_FALLA;OPERACION_MALA;REMPLAZAR
CARGADOR;SERVO_FALLA;PLATO_PR_FALLA;REMPLAZAR
CARGADOR;SUSPENSI_FALLA;ALINEAC_DESVIA;AJUSTAR
CARGADOR;SUSPENSI_FALLA;AMORTIGU_FALLA;REMPLAZAR
CARGADOR;SUSPENSI_FALLA;AMORTIGU_FALLA;REPARAR
CARGADOR;SUSPENSI_FALLA;BALLESTA_ROTA;REMPLAZAR
CARGADOR;SUSPENSI_FALLA;EJE_DEFORMADO;REMPLAZAR
CARGADOR;SUSPENSI_FALLA;ROSCA_DESAJUST;AJUSTAR
CARGADOR;TARJETAPPAL;DANOTOTAL;CAMBIAR
CARGADOR;TARJETAPPAL;MODUPOTEN;CAMBIAR
CARGADOR;TARJETAPPAL;MODUPOTEN;REPARAR
CARGADOR;TARJETAPPAL;PROTECTOR;CAMBIAR
CARGADOR;TARJETAPPAL;PUERTO;CAMBIAR
CARGADOR;VAELFUERANGO;DANOTARJCONT;CAMBIAR
CARGADOR;VAELFUERANGO;DANOTARJCONT;REPARAR
CCM;DANO.CON;FALLTRAF;CAMBIAR
CCM;DANO.CON;FUSQUEM;CAMBIAR
CCM;DANO.CONX;CON SUL;REPARAR
CCM;NOCIERRA;FALLA.MANDO;CAMBIAR
CCM;NOCIERRA;FALLA.MANDO;REPARAR
CCM;RUI.EXC;CON SUL;REPARAR
CCM;SOBRECAL;ARRANSOB;CAMBIAR
CCM;SOBRECAL;ARRANSOB;REPARAR
CCM;SOBRECAL;CON SUL;REPARAR
CCM;SOBRECAL;INTERSOB;CAMBIAR
CCM;SOBRECAL;INTERSOB;REPARAR
CCM;SOBREQ;FALLPROT;CAMBIAR
CCM;VOL_RNG;CON SUL;REPARAR
CELDA;DANO.CON;CBL.CONT;CAMBIAR
CELDA;DANO.CON;CBL.CONT;REPARAR
CELDA;DANO.CON;INTAUXDI;CAMBIAR
CELDA;DANO.CON;INTAUXDI;REPARAR
CELDA;DANO.POT;CONT.DES;CAMBIAR
CELDA;DANO.POT;DAN.BOB;CAMBIAR
CELDA;DANO.POT;DES.DESC;AJUSTAR
CELDA;DANO.POT;DES.DESC;CAMBIAR
CELDA;DANO.POT;DISP.BLO;DESBLOQ
CELDA;DANO.POT;DPS.PRI;CAMBIAR
CELDA;DANO.POT;MOT.FAL;CAMBIAR
CELDA;DANO.POT;MOT.FAL;REPARAR
CELDA;DANO.POT;RUPT.MEC;AJUSTAR
CELDA;DANO.POT;RUPT.MEC;CAMBIAR
CELDA;INTDISPA;CBL.CONT;CAMBIAR
CELDA;INTDISPA;CBL.CONT;REPARAR
COJINETE;ALARMAFLUJO;DANOINSTRUMEN;CORREGIR
COJINETE;ALT.TEMP.COJIN;BAJO.NIVEL;COMPLETAR
COJINETE;DANOALARMA;DANOINSTRUMEN;CORREGIR
COJINETE;DESCON.PARAME;REIN.CONT;PARAMETRIZAR
COJINETE;DESCON.PARAME;REIN.TRAND;CAMBIAR
COJINETE;DESCON.PARAME;TERM.SENSATERR;CAMBIAR
COJINETE;NOENVSENALAR;DANOINSTRUMEN;CORREGIR
COJINETE;NOGIROROTOR;DANOCOJINET;REPARAR
COJINETE;NOGIROROTOR;INSTALAC;CAMBIAR
COJINETE;NOGIROROTOR;INSTALAC;REPARAR
COJINETE;NOINDITEMPERA;DANOINSTRUMEN;CORREGIR
COJINETE;NOSOPORPESO;AMORTISOPORTE;REPARAR
COJINETE;NOSOPORPESO;COJINETDESALIN;REPARAR
COMPRESOR;ALTA.PRES;DESG.VALV;CAMBIAR
COMPRESOR;ALTA.TEMP;DESG.VALV;CAMBIAR
COMPRESOR;BAJA.PRES;FILT.SUCIO;CAMBIAR
COMPRESOR;BAJA.PRES;FILT.SUCIO;LIMPIAR
COMPRESOR;FAL.ENER;SOBR.CORR;CAMBIAR
COMPRESOR;FAL.ENER;SOBR.CORR;RESTABLECER
COMPRESOR;FAL.ENER;SOBR.CORR;REVISAR
COMPRESOR;FALT.NIVEL;FILT.SUCIO;LIMPIAR
COMPRESOR;FALT.NIVEL;FUGA;REPARAR
COMPRESOR;FALT.PRES;FILT.SUCIO;CAMBIAR
COMPRESOR;FUGAS;DESG.EMP;CAMBIAR
COMPRESOR;LLANTAS_FALLA;LLANTA_DESGAST;REMPLAZAR
COMPRESOR;LLANTAS_FALLA;LLANTA_ROTA;REMPLAZAR
COMPRESOR;MOTOR_FALLA;BATERIA_FALLA;CARGAR
COMPRESOR;MOTOR_FALLA;BATERIA_FALLA;REMPLAZAR
COMPRESOR;MOTOR_FALLA;CORTO_SIST_ELE;REPARAR
COMPRESOR;MOTOR_FALLA;DESGASTE_USO;REMPLAZAR
COMPRESOR;MOTOR_FALLA;FUGA_OIL;REPARAR
COMPRESOR;MOTOR_FALLA;FUSIBLE_MALO;REPARAR
COMPRESOR;MOTOR_FALLA;NIVEL_OIL_BAJO;REPONER
COMPRESOR;MOTOR_SOBRECAL;BBA_AGUA_FALLA;REMPLAZAR
COMPRESOR;MOTOR_SOBRECAL;BBA_AGUA_FALLA;REPARAR
COMPRESOR;MOTOR_SOBRECAL;LIN_ENFRI_ROTA;REMPLAZAR
COMPRESOR;MOTOR_SOBRECAL;LIN_ENFRI_ROTA;REPARAR
COMPRESOR;MOTOR_SOBRECAL;NIV_REFRI_BAJO;REPONER
COMPRESOR;MOTOR_SOBRECAL;NIVEL_OIL_BAJO;REPONER
COMPRESOR;MOTOR_SOBRECAL;RADIADR_OBSTRU;LIMPIAR
COMPRESOR;MOTOR_SOBRECAL;VENTILAD_FALLA;REMPLAZAR
COMPRESOR;MOTOR_SOBRECAL;VENTILAD_FALLA;REPARAR
COMPRESOR;NO_OPERA;BATERIA_FALLA;CARGAR
COMPRESOR;NO_OPERA;BATERIA_FALLA;REMPLAZAR
COMPRESOR;NO_OPERA;COMPRESO_FALLA;REMPLAZAR
COMPRESOR;NO_OPERA;COMPRESO_FALLA;REPARAR
COMPRESOR;NO_OPERA;CORTO_SIST_ELE;REPARAR
COMPRESOR;NO_OPERA;FUSIBLE_MALO;REPARAR
COMPRESOR;NO_OPERA;LIN_AIRE_ROTA;REMPLAZAR
COMPRESOR;NO_OPERA;LIN_AIRE_ROTA;REPARAR
COMPRESOR;OPERA_LENTO;BATERIA_FALLA;CARGAR
COMPRESOR;OPERA_LENTO;BATERIA_FALLA;REMPLAZAR
COMPRESOR;OPERA_LENTO;COMPRESO_FALLA;REMPLAZAR
COMPRESOR;OPERA_LENTO;COMPRESO_FALLA;REPARAR
COMPRESOR;OPERA_LENTO;CORTO_SIST_ELE;REPARAR
COMPRESOR;OPERA_LENTO;FUSIBLE_MALO;REPARAR
COMPRESOR;OPERA_LENTO;LIN_AIRE_ROTA;REMPLAZAR
COMPRESOR;OPERA_LENTO;LIN_AIRE_ROTA;REPARAR
COMPRESOR;PERD.CAU;DESG.ANILL;CAMBIAR
COMPRESOR;PERD.CAU;DESG.CILI;CAMBIAR
COMPRESOR;PERD.CAU;DESG.CILI;REPARAR
COMPRESOR;ROTURA;FALL.MECA;CAMBIAR
COMPRESOR;ROTURA;FALL.MECA;REPARAR
COMPRESOR;VIBRACION;DESGASTE;CAMBIAR
COMPRESOR;VIBRACION;DESGASTE;REPARAR
COMPUERTA;BLOQUEAD;VASCORROI;CAMBIAR
COMPUERTA;BLOQUEAD;VASCORROI;REPARAR
COMPUERTA;BLOQUEAD;VASDETER;CAMBIAR
COMPUERTA;BLOQUEAD;VASDETER;REPARAR
COMPUERTA;FUGA;ACCESORIO;CAMBIAR
COMPUERTA;FUGA;ACCESORIO;REPARAR
COMPUERTA;FUGA;CORREXT;REPARAR
COMPUERTA;FUGA;CORRINT;REPARAR
COMPUERTA;FUGA;DESGASTE;CAMBIAR
COMPUERTA;FUGA;DESGASTE;REPARAR
COMPUERTA;FUGA;OPERAC;REPARAR
COMUGEN;DANO.COM;ANTENA;CAMBIAR
COMUGEN;DANO.COM;DES.FIRM;CAMBIAR
COMUGEN;DANO.COM;DES.FIRM;REPRGAM
COMUGEN;DANO.COM;FAL.ALIM;INSPECCI
COMUGEN;DANO.COM;FAL.ALIM;INSPECCI
COMUGEN;DANO.COM;GPRS;INSPECCI
COMUGEN;DANO.COM;GPRS;INSPECCI
COMUGEN;DANO.COM;GPRS;REVISAR
COMUGEN;DANO.COM;HUM.SUC;CAMBIAR
COMUGEN;DANO.COM;HUM.SUC;LIMPIAR
COMUGEN;DANO.COM;HUM.SUC;REVISAR
COMUGEN;DANO.COM;MODEM;CAMBIAR
COMUGEN;DANO.COM;MODEM;REINICIAR
COMUGEN;DANO.COM;MODEM;REPRGAM
COMUGEN;DANO.COM;MODEM;REPROGRA
COMUGEN;DANO.COM;RADIO;CAMBIAR
COMUGEN;DANO.COM;RADIO;REDIREC
COMUGEN;DANO.COM;RADIO;REPROGRA
COMUGEN;DANO.COM;TARJ.COM;CAMBIAR
COMUGEN;DEF.ESTR;AMBIENTE;REPARAR
COMUGEN;SINENERG;AMBIENTE;REPARAR
COMUGEN;SINENERG;FAL.ALIM;INSPECCI
COMUGEN;SINENERG;FAL.ALIM;INSPECCI
COMUGEN;SINENERG;FAL.ALIM;REPARAR
CONCENTRADOR;CANGEST_BLOQ;CANALSATU;RESET_LOCAL
CONCENTRADOR;CANGEST_BLOQ;CANALSATU;RESET_REMOTO
CONCENTRADOR;COMU_BLOQ;CABLE;AJUSTAR
CONCENTRADOR;COMU_BLOQ;CABLE;CAMBIAR
CONCENTRADOR;COMU_BLOQ;CONECTOR;AJUSTAR
CONCENTRADOR;COMU_BLOQ;CONECTOR;CAMBIAR
CONCENTRADOR;COMU_BLOQ;LATEN.LINEA;RESET_LOCAL
CONCENTRADOR;COMU_BLOQ;LATEN.LINEA;RESET_REMOTO
CONCENTRADOR;COMU_BLOQ;MOD.COMU;CAMBIAR
CONCENTRADOR;CONCENT_BLOQ;DANO.CPU;CAMBIAR
CONCENTRADOR;CONCENT_BLOQ;DANO.CPU;RESET_LOCAL
CONCENTRADOR;CONCENT_BLOQ;DANO.CPU;RESET_REMOTO
CONCENTRADOR;CONCENT_BLOQ;MOD.ELECT;CAMBIAR
CONCENTRADOR;CONCENT_BLOQ;PERDI.CONFIG;RECONFIGURAR
CONCENTRADOR;CONCENT_BLOQ;PROG.CORRUP;CARGAR
CONCENTRADOR;DRIVER_104;104.CORRUP;CONFIGURAR
CONCENTRADOR;DRIVER_104;104.CORRUP;RESET_LOCAL
CONCENTRADOR;DRIVER_104;104.CORRUP;RESET_REMOTO
CONCENTRADOR;DRIVER_104;CABLE;AJUSTAR
CONCENTRADOR;DRIVER_104;CABLE;CAMBIAR
CONCENTRADOR;DRIVER_104;CONECTOR;AJUSTAR
CONCENTRADOR;DRIVER_104;CONECTOR;CAMBIAR
CONCENTRADOR;DRIVER_61850;61850.CORRUP;CONFIGURAR
CONCENTRADOR;DRIVER_61850;61850.CORRUP;RESET_LOCAL
CONCENTRADOR;DRIVER_61850;61850.CORRUP;RESET_REMOTO
CONCENTRADOR;DRIVER_61850;CABLE;AJUSTAR
CONCENTRADOR;DRIVER_61850;CABLE;CAMBIAR
CONCENTRADOR;DRIVER_61850;CONECTOR;AJUSTAR
CONCENTRADOR;DRIVER_61850;CONECTOR;CAMBIAR
CONCENTRADOR;DRIVER_BSAP;BSAP.CORRUP;CONFIGURAR
CONCENTRADOR;DRIVER_BSAP;BSAP.CORRUP;RESET_LOCAL
CONCENTRADOR;DRIVER_BSAP;BSAP.CORRUP;RESET_REMOTO
CONCENTRADOR;DRIVER_BSAP;CABLE;AJUSTAR
CONCENTRADOR;DRIVER_BSAP;CABLE;CAMBIAR
CONCENTRADOR;DRIVER_BSAP;CONECTOR;AJUSTAR
CONCENTRADOR;DRIVER_BSAP;CONECTOR;CAMBIAR
CONCENTRADOR;DRIVER_DNP3;CABLE;AJUSTAR
CONCENTRADOR;DRIVER_DNP3;CABLE;CAMBIAR
CONCENTRADOR;DRIVER_DNP3;CONECTOR;AJUSTAR
CONCENTRADOR;DRIVER_DNP3;CONECTOR;CAMBIAR
CONCENTRADOR;DRIVER_DNP3;DNP3.CORRUP;CONFIGURAR
CONCENTRADOR;DRIVER_DNP3;DNP3.CORRUP;RESET_LOCAL
CONCENTRADOR;DRIVER_DNP3;DNP3.CORRUP;RESET_REMOTO
CONCENTRADOR;DRIVER_MODBUS;CABLE;AJUSTAR
CONCENTRADOR;DRIVER_MODBUS;CABLE;CAMBIAR
CONCENTRADOR;DRIVER_MODBUS;CONECTOR;AJUSTAR
CONCENTRADOR;DRIVER_MODBUS;CONECTOR;CAMBIAR
CONCENTRADOR;DRIVER_MODBUS;MODBUS.CORRUP;CONFIGUR_MODBUS
CONCENTRADOR;DRIVER_MODBUS;MODBUS.CORRUP;RESET_LOCAL
CONCENTRADOR;DRIVER_MODBUS;MODBUS.CORRUP;RESET_REMOTO
CONCENTRADOR;MODULO_IO;MODU.AI;CAMBIAR
CONCENTRADOR;MODULO_IO;MODU.AI;CONFIGUR
CONCENTRADOR;MODULO_IO;MODU.AI;CONFIGUR
CONCENTRADOR;MODULO_IO;MODU.AO;CAMBIAR
CONCENTRADOR;MODULO_IO;MODU.AO;CONFIGUR
CONCENTRADOR;MODULO_IO;MODU.AO;CONFIGUR
CONCENTRADOR;MODULO_IO;MODU.DI;CAMBIAR
CONCENTRADOR;MODULO_IO;MODU.DI;CONFIGUR
CONCENTRADOR;MODULO_IO;MODU.DI;CONFIGUR
CONCENTRADOR;MODULO_IO;MODU.DO;CAMBIAR
CONCENTRADOR;MODULO_IO;MODU.DO;CONFIGUR
CONCENTRADOR;MODULO_IO;MODU.DO;CONFIGUR
CONCENTRADOR;PTO_ETHERNET;CABLE;AJUSTAR
CONCENTRADOR;PTO_ETHERNET;CABLE;CAMBIAR
CONCENTRADOR;PTO_ETHERNET;CONECTOR;AJUSTAR
CONCENTRADOR;PTO_ETHERNET;CONECTOR;CAMBIAR
CONCENTRADOR;PTO_ETHERNET;DANO.PETHERN;CAMBIAR
CONCENTRADOR;PTO_ETHERNET;DANO.PETHERN;CONFIGURAR
CONCENTRADOR;PTO_SERIAL;CABLE;AJUSTAR
CONCENTRADOR;PTO_SERIAL;CABLE;CAMBIAR
CONCENTRADOR;PTO_SERIAL;CONECTOR;AJUSTAR
CONCENTRADOR;PTO_SERIAL;CONECTOR;CAMBIAR
CONCENTRADOR;PTO_SERIAL;DANO.PSERIAL;CAMBIAR
CONCENTRADOR;PTO_SERIAL;DANO.PSERIAL;CONFIGURAR
CONCENTRADOR;SUMI_AC;CABLE;AJUSTAR
CONCENTRADOR;SUMI_AC;CABLE;CAMBIAR
CONCENTRADOR;SUMI_AC;CONECTOR;AJUSTAR
CONCENTRADOR;SUMI_AC;CONECTOR;CAMBIAR
CONCENTRADOR;SUMI_AC;FUSIB.QUEM;CAMBIAR
CONCENTRADOR;SUMI_AC;INTERRU.APAG;RESTABLECER
CONCENTRADOR;SUMI_AC;SUMI.APAG;RESTABLECER
CONCENTRADOR;SUMI_DC;BATE.DESCAR;CAMBIAR
CONCENTRADOR;SUMI_DC;BATE.DESCAR;CARGAR
CONCENTRADOR;SUMI_DC;CABLE;AJUSTAR
CONCENTRADOR;SUMI_DC;CABLE;CAMBIAR
CONCENTRADOR;SUMI_DC;CONECTOR;AJUSTAR
CONCENTRADOR;SUMI_DC;CONECTOR;CAMBIAR
CONCENTRADOR;SUMI_DC;FUENTE.APAG;CAMBIAR
CONCENTRADOR;SUMI_DC;FUENTE.APAG;RESTABLECER
CONCENTRADOR;SUMI_DC;INTERRU.APAG;RESTABLECER
CONTGEN;CONECTDEFECT;CABLESUELTO;CONECTAR
CONTGEN;CONTDEFIC;CABLESUELTO;CONECTAR
CONTGEN;CONTDEFIC;DETERIOR;CAMBIAR
CONTGEN;CONTDEFIC;DETERIOR;CONECTAR
CONTGEN;CONTDEFIC;DETERIOR;REPARAR
CONTGEN;NO.RESPU;DETERIOR;CAMBIAR
CONTGEN;NO.RESPU;DETERIOR;INSPECCI
CONTGEN;NO.RESPU;DETERIOR;INSPECCI
CONTGEN;NO.RESPU;DETERIOR;REPARAR
CONTGEN;NO.RESPU;FAL.ALIM;INSPECCI
CONTGEN;NO.RESPU;FAL.ALIM;INSPECCI
CONTGEN;NO.RESPU;FAL.ALIM;REPARAR
CONTGEN;SALERRATIC;DETERIOR;CAMBIAR
CONTGEN;SALERRATIC;DETERIOR;REPARAR
CONTGEN;SINENERG;DETERIOR;REPARAR
CONTGEN;SINENERG;FAL.ALIM;INSPECCI
CONTGEN;SINENERG;FAL.ALIM;INSPECCI
CONTGEN;SINENERG;FAL.ALIM;REPARAR
DPS;CABPUETIEFAL;CABLESUELTO;SOLDAR
DPS;CABPUETIEFAL;CABTIERROTO;CAMBIAR
DPS;CABPUETIEFAL;HURTO;REPONER
DPS;CAMBIAR;;
DPS;CONECTDEFECT;CABLESUELTO;CONECTAR
DPS;CONECTDEFECT;CALENTAMIENTO;CAMBIAR
DPS;CONECTDEFECT;CONTAMINACION;CAMBIAR
DPS;DANOINFRAEST;FUNDACDETERI;REPARAR
DPS;DANOINFRAEST;HUNDIMTERRE;RECONSTRUIR
DPS;DESTRUCCION;PERDIDAISLAMI;CAMBIAR
DPS;FAAI;ATMOSF;CAMBIAR
DPS;FAAI;DESG.MC;CAMBIAR
DPS;FAAI;ENVEJEC;CAMBIAR
DPS;FAAI;VANDALI;CAMBIAR
DPS;FALL.PT;FUER.DIS;AJUSTAR
DPS;NOLUCEACEPTA;SUCIEDAD;LIMPIAR
DPS;PERDIDAGALVI;CORROSION;CAMBIAR
DPS;PERDIDAGALVI;CORROSION;PINTAR
ELECTGEN;CONECTDEFECT;CABLESUELTO;CAMBIAR
ELECTGEN;CONECTDEFECT;CABLESUELTO;CONECTAR
ELECTGEN;CONECTDEFECT;CALENTAMIENTO;CAMBIAR
ELECTGEN;CONECTDEFECT;CALENTAMIENTO;REVISAR
ELECTGEN;CONECTDEFECT;CONTAMINACION;CAMBIAR
ELECTGEN;CONECTDEFECT;FUENTEABIERT;REVISAR
ELECTGEN;CORTO;DESPLTER;REPARAR
ELECTGEN;CORTO;INSTALAC;CAMBIAR
ELECTGEN;CORTO;INSTALAC;REPARAR
ELECTGEN;ESTRUCT;DESPLTER;REPARAR
ELECTGEN;FALTAALIMENT;FUENTEABIERT;CAMBIAR
ELECTGEN;FALTAALIMENT;FUENTEABIERT;REVISAR
ELECTGEN;FALTAALIMENT;INSTALAC;CAMBIAR
GEDIESEL;CABPUETIEFAL;CABLESUELTO;SOLDAR
GEDIESEL;CABPUETIEFAL;CABTIERROTO;CAMBIAR
GEDIESEL;FALLACONTR;FALLA.ALIMENT;CAMBIAR
GEDIESEL;FALLACONTR;SOBRCALENT;CAMBIAR
GEDIESEL;FALLACONTR;SOBRCALENT;REPARAR
GEDIESEL;FALLAGENER;FALLA.AISLAM;REPARAR
GEDIESEL;FALLAGENER;FALLSENTEM;CAMBIAR
GEDIESEL;FALLAGENER;FALLSENTEM;REVISAR
GEDIESEL;FALLAGENER;SOBRCALENT;APRETAR
GEDIESEL;FALLAGENER;SOBRCALENT;REPARAR
GEDIESEL;FALLAMOTOR;DESGASTE;REPARAR
GEDIESEL;FALLAMOTOR;FALLA.ARRANQUE;REPARAR
GEDIESEL;FALLAMOTOR;FALLA.DESGASTE;REPARAR
GEDIESEL;FALLAMOTOR;FALLA.REFRIG;REPARAR
GEDIESEL;FALLAMOTOR;FALLACOMB;CAMBIAR
GEDIESEL;FALLAMOTOR;FALLACOMB;REPARAR
GEDIESEL;FALLAMOTOR;FALLAPISTON;CAMBIAR
GEDIESEL;FALLAMOTOR;FALLAPISTON;REPARAR
GEDIESEL;FALLAMOTOR;FALLAVIBRACION;REPARAR
GEDIESEL;FALLAMOTOR;FATIGAMATE;REPARAR
GEDIESEL;FUGAACEITE;CARTERPERFOR;CAMBIAR
GEDIESEL;FUGAACEITE;EMPAQUEDANAD;CAMBIAR
GEDIESEL;FUGAREFRIGER;CONTREFRROTO;CAMBIAR
GEDIESEL;FUGAREFRIGER;RADIADORROTO;REPARAR
GEDIESEL;FUGAREFRIGER;TUBERIAPERFO;REPARAR
GEDIESEL;INSTR.NIV.TEMP;FALLA.ELEM;AJUSTAR
GEDIESEL;INSTR.NIV.TEMP;FALLA.ELEM;CAMBIAR
GEDIESEL;NOENSAYAUTO;DISPOSMALO;CAMBIAR
GEDIESEL;NOENVSENALAR;FALALIMSEN;RESTABLECER
GEDIESEL;NOENVSENALAR;RELEFALLADO;CAMBIAR
GEDIESEL;NOLUCEACEPTA;CORROSION;PINTAR
GEDIESEL;NOLUCEACEPTA;SUCIEDAD;LIMPIAR
GEDIESEL;NOSUMIENER;DANOGENEELEC;REPARAR
GEDIESEL;NOSUMIENER;DANOMECAMOTO;REPARAR
GEDIESEL;NOSUMIENER;DANOSISTARRA;REPARAR
GEDIESEL;NOSUMIENER;DANOSISTTRAN;REPARAR
GEDIESEL;NOSUMIENER;FALLAMOTOR;REVISAR
GEDIESEL;NOSUMIENER;FALTAALIMENT;RESTABLECER
GEDIESEL;NOSUMIENER;FILTROSUCIO;CAMBIAR
GEDIESEL;NOSUMIENER;NOSUMICOMB;SUMINISTRAR
GEDIESEL;NOSUPERVARIA;DANOINSTSENS;CAMBIAR
GEDIESEL;SISTEMAMEDIC;FALLA.CONTADOR;REPARAR
GEDIESEL;VAELFUERANGO;DANOREGUVELO;REPARAR
GEDIESEL;VAELFUERANGO;DANOTARJCONT;CAMBIAR
GEDIESEL;VAELFUERANGO;DANOTARJCONT;REPARAR
GEDIESEL;VAELFUERANGO;FILTROSUCIO;CAMBIAR
GEDIESEL;VAELFUERANGO;INYECTOSUCIO;LIMPIAR
INTERACEI;CABPUETIEFAL;CABLESUELTO;SOLDAR
INTERACEI;CABPUETIEFAL;CABTIERROTO;CAMBIAR
INTERACEI;CONECTDEFECT;CALENTAMIENTO;CAMBIAR
INTERACEI;CONECTDEFECT;CONTAMINACION;CAMBIAR
INTERACEI;DANOINFRAEST;DESINTEGRACION;RECONSTRUIR
INTERACEI;DANOINFRAEST;FUNDACDETERI;REPARAR
INTERACEI;DANOINFRAEST;HUNDIMTERRE;RECONSTRUIR
INTERACEI;DESTRUCCION;SOBREPRESION;CAMBIAR
INTERACEI;FALLAAPERTUR;AISLADORREVE;AISLADORREVE
INTERACEI;FALLAAPERTUR;AISLADORREVE;AISLADORREVE
INTERACEI;FALLAAPERTUR;AISLADORREVE;CAMBIAR
INTERACEI;FALLAAPERTUR;BIELAREVENTA;CAMBIAR
INTERACEI;FALLAAPERTUR;BOBINAQUEMAD;CAMBIAR
INTERACEI;FALLAAPERTUR;DANOMECANICO;REPARAR
INTERACEI;FALLAAPERTUR;EJESUELTO;ACOPLAR
INTERACEI;FALLAAPERTUR;FALALIMCONT;RESTABLECER
INTERACEI;FALLAAPERTUR;MOTORQUEMAD;CAMBIAR
INTERACEI;FALLAAPERTUR;TRINQUEDESPO;CALIBRAR
INTERACEI;FALLAAPERTUR;TRINQUEPEGAD;LUBRICAR
INTERACEI;FALLACIERRE;AISLADORREVE;CAMBIAR
INTERACEI;FALLACIERRE;BIELAREVENTA;CAMBIAR
INTERACEI;FALLACIERRE;BOBINAQUEMAD;CAMBIAR
INTERACEI;FALLACIERRE;DANOMECANICO;REPARAR
INTERACEI;FALLACIERRE;EJESUELTO;ACOPLAR
INTERACEI;FALLACIERRE;FALALIMCONT;RESTABLECER
INTERACEI;FALLACIERRE;MOTORQUEMAD;CAMBIAR
INTERACEI;FALLACIERRE;TRINQUEDESPO;CALIBRAR
INTERACEI;FALLACIERRE;TRINQUEPEGAD;LUBRICAR
INTERACEI;FUGAMEDIAISL;AISLADORROTO;CAMBIAR
INTERACEI;FUGAMEDIAISL;DANOEMPAQUE;CAMBIAR
INTERACEI;HUMEGABICONT;CALEFACCMALA;REPARAR
INTERACEI;HUMEGABICONT;EMPAQUEDANAD;CAMBIAR
INTERACEI;HUMEGABICONT;GABINETEROTO;CAMBIAR
INTERACEI;HUMEGABICONT;GABINETEROTO;REPARAR
INTERACEI;HUMEGABICONT;PRENSAESDEFE;CAMBIAR
INTERACEI;INDICASUELTO;SUJECISUELTA;AJUSTAR
INTERACEI;NOHAYINDICAC;FALALIMSEN;RESTABLECER
INTERACEI;NOHAYINDICAC;SUICHEDESCAL;CALIBRAR
INTERACEI;NOLUCEACEPTA;CORROSION;PINTAR
INTERACEI;NOLUCEACEPTA;SUCIEDAD;LIMPIAR
INTERACEI;NOVISUANIVEL;INDICADORDAN;CAMBIAR
INTERACEI;NOVISUANIVEL;INDICADORSUC;LIMPIAR
INTERACEI;NOVISUAPRESI;INDICADORDAN;CAMBIAR
INTERACEI;NOVISUAPRESI;INDICADORSUC;LIMPIAR
INTERACEI;PERDIDAGALVI;CORROSION;CAMBIAR
INTERACEI;PERDIDAGALVI;CORROSION;PINTAR
INTERACEI;TIEMAPER30;DESCALIBRACION;CALIBRAR
INTERACEI;TIEMAPER30;DESGASTE;CAMBIAR
INTERACEI;TIEMAPER30;GATILLODANAD;CAMBIAR
INTERACEI;TIEMCIER130;AMORTIDANADO;CAMBIAR
INTERACEI;TIEMCIER130;DESCALIBRACION;CALIBRAR
INTERACEI;TIEMCIER130;DESGASTE;CAMBIAR
INTERACEI;TIEMCIER130;GATILLODANAD;CAMBIAR
INTERACEI;TIEMCIER130;MICROSUICDES;CALIBRAR
INTERAIR;NOCONEVOLTCOR;CONTROL;REPARAR
INTERAIR;NOCONEVOLTCOR;FALL.MECA;CAMBIAR
INTERAIR;NOCONEVOLTCOR;FALL.MECA;REPARAR
INTERAIR;NODESCVOLTCOR;CONTROL;REPARAR
INTERAIR;NODESCVOLTCOR;DANSOLDADU;REPARAR
INTERCAMBIADOR;ALTNIV.COJI;CONTAM.SEDIMEN;CAMBIAR
INTERCAMBIADOR;ALTNIV.COJI;FUGAGU;CORREGIR
INTERCAMBIADOR;PERDIDPRESI;FUGSISTE;CORREGIR
INTERCAMBIADOR;TAPAD/AHOGA;ACUMLODOS;DESOBSTRUIR
INTERCAMBIADOR;TRANSF.CAL;CONTAM.SEDIMEN;CAMBIAR
INTERSF6M;CABPUETIEFAL;CABLESUELTO;SOLDAR
INTERSF6M;CABPUETIEFAL;CABTIERROTO;CAMBIAR
INTERSF6M;CONECTDEFECT;CALENTAMIENTO;CAMBIAR
INTERSF6M;CONECTDEFECT;CONTAMINACION;CAMBIAR
INTERSF6M;DANOINFRAEST;FUNDACDETERI;REPARAR
INTERSF6M;DANOINFRAEST;HUNDIMTERRE;RECONSTRUIR
INTERSF6M;DESTRUCCION;SOBREPRESION;CAMBIAR
INTERSF6M;FALLAAPERTUR;BIELAREVENTA;CAMBIAR
INTERSF6M;FALLAAPERTUR;BOBINAQUEMAD;CAMBIAR
INTERSF6M;FALLAAPERTUR;DANOMECANICO;REPARAR
INTERSF6M;FALLAAPERTUR;EJESUELTO;ACOPLAR
INTERSF6M;FALLAAPERTUR;FALALIMCONT;RESTABLECER
INTERSF6M;FALLAAPERTUR;MOTORQUEMAD;CAMBIAR
INTERSF6M;FALLAAPERTUR;PRESISF6BAJA;ACOPLAR
INTERSF6M;FALLAAPERTUR;TRINQUEDESPO;CALIBRAR
INTERSF6M;FALLAAPERTUR;TRINQUEPEGAD;LUBRICAR
INTERSF6M;FALLACIERRE;BIELAREVENTA;CAMBIAR
INTERSF6M;FALLACIERRE;BOBINAQUEMAD;CAMBIAR
INTERSF6M;FALLACIERRE;DANOMECANICO;REPARAR
INTERSF6M;FALLACIERRE;EJESUELTO;ACOPLAR
INTERSF6M;FALLACIERRE;FALALIMCONT;RESTABLECER
INTERSF6M;FALLACIERRE;MOTORQUEMAD;CAMBIAR
INTERSF6M;FALLACIERRE;PRESISF6BAJA;INSUFLAR
INTERSF6M;FALLACIERRE;TRINQUEDESPO;CALIBRAR
INTERSF6M;FALLACIERRE;TRINQUEPEGAD;LUBRICAR
INTERSF6M;FUGAMEDIAISL;AISLADORROTO;CAMBIAR
INTERSF6M;FUGAMEDIAISL;DANOEMPAQUE;CAMBIAR
INTERSF6M;HUMEGABICONT;CALEFACCMALA;REPARAR
INTERSF6M;HUMEGABICONT;EMPAQUEDANAD;CAMBIAR
INTERSF6M;HUMEGABICONT;GABINETEROTO;CAMBIAR
INTERSF6M;HUMEGABICONT;GABINETEROTO;REPARAR
INTERSF6M;HUMEGABICONT;PRENSAESDEFE;CAMBIAR
INTERSF6M;INDICASUELTO;SUJECISUELTA;AJUSTAR
INTERSF6M;NOBLOQMANDO;CONTACDANADO;CAMBIAR
INTERSF6M;NOBLOQMANDO;FALALIMBLOQ;RESTABLECER
INTERSF6M;NOENVSENALAR;CONTACDANADO;CAMBIAR
INTERSF6M;NOENVSENALAR;FALALIMSEN;RESTABLECER
INTERSF6M;NOHAYINDICAC;FALALIMSEN;RESTABLECER
INTERSF6M;NOHAYINDICAC;SUICHEDESCAL;CALIBRAR
INTERSF6M;NOLUCEACEPTA;CORROSION;PINTAR
INTERSF6M;NOLUCEACEPTA;SUCIEDAD;LIMPIAR
INTERSF6M;NOVISUAPRESI;INDICADORDAN;CAMBIAR
INTERSF6M;NOVISUAPRESI;INDICADORSUC;LIMPIAR
INTERSF6M;PERDIDAGALVI;CORROSION;CAMBIAR
INTERSF6M;PERDIDAGALVI;CORROSION;PINTAR
INTERSF6M;TIEMAPER25;DESCALIBRACION;CALIBRAR
INTERSF6M;TIEMAPER25;DESCALIBRACION;CAMBIAR
INTERSF6M;TIEMAPER25;DESGASTE;CAMBIAR
INTERSF6M;TIEMAPER25;GATILLODANAD;CAMBIAR
INTERSF6M;TIEMCIER60;AMORTIDANADO;CAMBIAR
INTERSF6M;TIEMCIER60;DESCALIBRACION;CALIBRAR
INTERSF6M;TIEMCIER60;DESCALIBRACION;CAMBIAR
INTERSF6M;TIEMCIER60;DESGASTE;CAMBIAR
INTERSF6M;TIEMCIER60;GATILLODANAD;CAMBIAR
INTERSF6M;TIEMCIER60;MICROSUICDES;CALIBRAR
INTERSF6M;TIEMCIER60;MICROSUICDES;CAMBIAR
INTERSF6M;VALCHECMALA;DESGASTE;CAMBIAR
INTERVAC;CONTACTODEFE;CALENTAMIENTO;CAMBIAR
INTERVAC;CONTACTODEFE;CONTAMINACION;CAMBIAR
INTERVAC;CORROSION;HUMEDAD;PINTAR
INTERVAC;DESTRUCCION;SOBREPRESION;CAMBIAR
INTERVAC;FALLAAPERTUR;BIELAREVENTA;CAMBIAR
INTERVAC;FALLAAPERTUR;BOBINAQUEMAD;CAMBIAR
INTERVAC;FALLAAPERTUR;DANOMECANICO;REPARAR
INTERVAC;FALLAAPERTUR;FALALIMCONT;RESTABLECER
INTERVAC;FALLAAPERTUR;MOTORQUEMAD;CAMBIAR
INTERVAC;FALLAAPERTUR;TRINQUEDESPO;CALIBRAR
INTERVAC;FALLAAPERTUR;TRINQUEPEGAD;LUBRICAR
INTERVAC;FALLACIERRE;BIELAREVENTA;CAMBIAR
INTERVAC;FALLACIERRE;BOBINAQUEMAD;CAMBIAR
INTERVAC;FALLACIERRE;DANOMECANICO;REPARAR
INTERVAC;FALLACIERRE;FALALIMCONT;RESTABLECER
INTERVAC;FALLACIERRE;MOTORQUEMAD;CAMBIAR
INTERVAC;FALLACIERRE;TRINQUEDESPO;CALIBRAR
INTERVAC;FALLACIERRE;TRINQUEPEGAD;LUBRICAR
INTERVAC;INDICASUELTO;SUJECISUELTA;AJUSTAR
INTERVAC;NOHAYINDICAC;FALALIMSEN;RESTABLECER
INTERVAC;NOHAYINDICAC;SUICHEDESCAL;CALIBRAR
INTERVAC;NOLUCEACEPTA;CORROSION;PINTAR
INTERVAC;NOLUCEACEPTA;SUCIEDAD;LIMPIAR
INTERVAC;PUETIEFAL;MALAJUPTATIE;AJUSTAR
INTERVAC;TIEMAPER30;DESCALIBRACION;CALIBRAR
INTERVAC;TIEMAPER30;GATILLODANAD;CAMBIAR
INTERVAC;TIEMCIER70;AMORTIDANADO;CAMBIAR
INTERVAC;TIEMCIER70;DESCALIBRACION;CALIBRAR
INTERVAC;TIEMCIER70;GATILLODANAD;CAMBIAR
MECGEN;ESTRUCT;DESPLTER;REPARAR
MECGEN;ESTRUCT;INSTALAC;REPARAR
MECGEN;ESTRUCT;TERCEROS;REPARAR
MECGEN;FUGA;ACCESORIO;CAMBIAR
MECGEN;FUGA;ACCESORIO;REPARAR
MECGEN;FUGA;CONTAMIN;LIMPIAR
MECGEN;FUGA;CORREXT;REPARAR
MECGEN;FUGA;CORRINT;LIMPIAR
MECGEN;FUGA;CORRINT;REPARAR
MECGEN;FUGA;DESGASTE;CAMBIAR
MECGEN;FUGA;DESGASTE;REPARAR
MECGEN;FUGA;DESPLTER;REPARAR
MECGEN;FUGA;FABRICAC;REPARAR
MECGEN;FUGA;INSTALAC;REPARAR
MECGEN;FUGA;OPERAC;REPARAR
MECGEN;FUGA;TERCEROS;REPARAR
MECGEN;OBSTRUCC;ATENTADO;REPARAR
MECGEN;OBSTRUCC;CONTAMIN;LIMPIAR
MECGEN;OBSTRUCC;CONTAMIN;REPARAR
MECGEN;ROTURA;ATENTADO;CAMBIAR
MECGEN;ROTURA;ATENTADO;REPARAR
MECGEN;ROTURA;CORREXT;CAMBIAR
MECGEN;ROTURA;CORREXT;REPARAR
MECGEN;ROTURA;CORRINT;CAMBIAR
MECGEN;ROTURA;CORRINT;REPARAR
MECGEN;ROTURA;DESGASTE;CAMBIAR
MECGEN;ROTURA;DESGASTE;REPARAR
MECGEN;ROTURA;DESGECOB;CAMBIAR
MECGEN;ROTURA;DESGECOB;REPARAR
MECGEN;ROTURA;DESPLTER;CAMBIAR
MECGEN;ROTURA;DESPLTER;REPARAR
MECGEN;ROTURA;EQUIPOS;CAMBIAR
MECGEN;ROTURA;EQUIPOS;REPARAR
MECGEN;ROTURA;FABRICAC;CAMBIAR
MECGEN;ROTURA;FABRICAC;REPARAR
MECGEN;ROTURA;INSTALAC;CAMBIAR
MECGEN;ROTURA;INSTALAC;REPARAR
MECGEN;ROTURA;OPERAC;CAMBIAR
MECGEN;ROTURA;OPERAC;REPARAR
MECGEN;ROTURA;TERCEROS;CAMBIAR
MECGEN;ROTURA;TERCEROS;REPARAR
MECGEN;RUI.EXC;DESGECOB;CAMBIAR
MOTOBOMB;BOMBARESERV;CONTROL;REPARAR
MOTOBOMB;FALLABOMBA;CONTROL;REPARAR
MOTOBOMB;NOALIVPRESI;DANO.VALVU;CORREGIR
MOTOBOMB;NOBOMBEA;CONTROL;CORREGIR
MOTOBOMB;NOBOMBEA;NOALIMPOTENC;CORREGIR
MOTOBOMB;NOBOMBEA;NOALIMPOTENC;VERIFICAR
MOTOBOMB;NOENVSENALAR;CONTROL;CORREGIR
MOTOBOMB;NOPARABOMBA;CONTROL;REPARAR
MOTOBOMB;NOSISMANVALV;DANO.VALVU;CAMBIAR
MOTOBOMB;PRESIONBOMBA;DANO.VALVU;REPARAR
MOTOBOMB;PRESIONBOMBA;VALVABIERT;REPARAR
MOTOBOMB;PRESIONOBARES;DANO.VALVU;CAMBIAR
PLC;NO.COMUPROGR;TARJFALL;CAMBIAR
PLC;NO.COMUPROGR;TARJFALL;REPARAR
PLC;NO.EJEC.ORDEN;TARJ.ENTFALL;CAMBIAR
PLC;NO.EJEC.ORDEN;TARJ.SALFALL;CAMBIAR
PLC;SENAL.ERRA;BORN.FLOJ;AJUSTAR
PLC;SENAL.ERRA;SEAL.TIERPERD;ASEGURAR
PLC;SENAL.ERRA;TARJ.ENTFALL;CAMBIAR
PLC;SENAL.ERRA;VOLTFUERAN;CAMBIAR
PLC;SIN.VOLT;FUEN.ALIME.QUEM;REMPLAZAR
PLC;SIN.VOLT;FUSI.QUEMA;CAMBIAR
PLC;TARJ.PRO.NOCOR;PROGCONTR;CAMBIAR
PLC;TARJ.PRO.NOCOR;PROGCONTR;REINICIAR
PUENTEGRUA;CIRCUABIERT;APER.CORCIR;REPARAR
PUENTEGRUA;CIRCUABIERT;FALL.FUSIB;CAMBIAR
PUENTEGRUA;CIRCUABIERT;MAL.CONTACTO;CORREGIR
PUENTEGRUA;CIRCUABIERT;SOBRECARGA;CORREGIR
PUENTEGRUA;DEFIC.ESTRUC;DEFOR.RUPT;REPARAR
PUENTEGRUA;DEFIC.ESTRUC;DESGAS.RUED;REPARAR
PUENTEGRUA;DEFIC.ESTRUC;DESGASTE;REPARAR
PUENTEGRUA;FALLA.FRENOIZA;DEFIMATE;CAMBIAR
PUENTEGRUA;FALLA.FRENOIZA;DESGASTE;REPARAR
PUENTEGRUA;FALLACONTR;CIRCUABIERT;CORREGIR
PUENTEGRUA;FALLACONTR;FALL.TARG.ELECT;CORREGIR
PUENTEGRUA;FALLACONTR;RELEDEFECT;CAMBIAR
PUENTEGRUA;FALLACONTR;SENSDEFEC;CAMBIAR
PUENTEGRUA;FALLMOTOR;CIRCUABIERT;REPARAR
PUENTEGRUA;FALLMOTOR;DESGASTE;REPARAR
PUENTEGRUA;FALLMOTOR;PERD.AISLAM;REPARAR
PUENTEGRUA;FALLMOTOR;PRESVIBRA;REPARAR
PUENTEGRUA;VIBRAC.DESPLAZA;DESGASTE;REPARAR
PUENTEGRUA;VIBRAC.DESPLAZA;FALTA.LUBRIC;REPARAR
PUENTEGRUA;VIBRACABLES;CORROCABLE;REPARAR
PUENTEGRUA;VIBRACABLES;DESCARCABLE;REPARAR
PUENTEGRUA;VIBRACABLES;DESGASTE;REPARAR
PUENTEGRUA;VIBRACABLES;FALTA.LUBRIC;REPARAR
RADIADOR;BAJA.FLUJO;OBSTRUSEDI;CAMBIAR
RADIADOR;BAJA.FLUJO;OBSTRUSEDI;LIMPIAR
RADIADOR;BAJA.FLUJO;OBSTRUSEDI;RETROLAVAR
RADIADOR;FUGA.AGUA;RUP.TUBER;CAMBIAR
RADIADOR;FUGA.AGUA;RUP.TUBER;REPARAR
RADIADOR;TEMPFUERAGO;OBSTRU.INTERC;CAMBIAR
RADIADOR;TEMPFUERAGO;OBSTRU.INTERC;LIMPIAR
RADIADOR;TEMPFUERAGO;OBSTRU.INTERC;RETROLAVAR
RADIADOR;TEMPFUERAGO;OBSTRU.TUBE;LAVAR
RADIADOR;TEMPFUERAGO;OBSTRU.TUBE;RETROLAVAR
RADIO;ANTENA;DANOTOTAL;CAMBIAR
RADIO;CAMBIAR;;
RADIO;CONFIGURACION;PERDI.CONFIG;CONFIGURAR
RADIO;DISP.BLO;BLOQUEO;REINICIAR
RADIO;ENRUTAMIENTO;DESCONFIPROTO;CONFIGURAR
RADIO;ENRUTAMIENTO;PERDIENRUTAM;CONFIGURAR
RADIO;FREC.RADIO;CABLE;AJUSTAR
RADIO;FREC.RADIO;CABLE;CAMBIAR
RADIO;FREC.RADIO;CONECTOR;AJUSTAR
RADIO;FREC.RADIO;CONECTOR;CAMBIAR
RADIO;FREC.RADIO;PROTECTOR;CAMBIAR
RADIO;IDU;ALIM.INDOOR;CAMBIAR
RADIO;OUTDOOR;TERMI.OUTDOOR;CAMBIAR
RADIO;PERDIDASENAL;DANOTOTAL;CAMBIAR
RADIO;PERDIDASENAL;HURTO;REPONER
RADIO;PERDIVISTA;APUNTANTENA;AJUSTAR
RADIO;PERDIVISTA;OBST.CONSTRU;MOVER
RADIO;PERDIVISTA;OBST.VEGETA;PODAR
RADIO;PIGTAIL;CABLE;AJUSTAR
RADIO;PIGTAIL;CABLE;CAMBIAR
RADIO;PIGTAIL;CONECTOR;AJUSTAR
RADIO;PIGTAIL;CONECTOR;CAMBIAR
RADIO;PROTECCIONES;PROTECTOR;CAMBIAR
RADIO;REDIREC;;
RADIO;REPROGRA;;
RADIO;TARJETAPPAL;DANOTOTAL;CAMBIAR
RADIO;TARJETAPPAL;MODUPOTEN;CAMBIAR
RADIO;TARJETAPPAL;MODUPOTEN;REPARAR
RADIO;TARJETAPPAL;PROTECTOR;CAMBIAR
RADIO;TARJETAPPAL;PUERTO;CAMBIAR
RED.PRI;FALL.AIC;DESG.MC;CAMBIAR
RED.PRI;FALL.AIC;ENVEJEC;CAMBIAR
RED.PRI;FALL.AIC;INSTALAC;CAMBIAR
RED.PRI;FALL.AIS;CONTAMIN;CAMBIAR
RED.PRI;FALL.AIS;CONTAMIN;LIMPIAR
RED.PRI;FALL.AIS;CORR.INS;CAMBIAR
RED.PRI;FALL.AIS;CORR.MC;CAMBIAR
RED.PRI;FALL.AIS;FAT.MAT;CAMBIAR
RED.PRI;FALL.AIS;FAT.OBS;CAMBIAR
RED.PRI;FALL.AIS;FRAC.ATM;CAMBIAR
RED.PRI;FALL.AIS;FRAC.VAN;CAMBIAR
RED.PRI;FALL.AIS;QUEM.ATM;CAMBIAR
RED.PRI;FALL.AIS;QUEM.ELM;CAMBIAR
RED.PRI;FALL.AIS;QUEM.INS;CAMBIAR
RED.PRI;FALL.AIS;QUEM.MC;CAMBIAR
RED.PRI;FALL.HER;CONEFLO;CAMBIAR
RED.PRI;FALL.HER;DESG.MC;CAMBIAR
RED.PRI;FALL.HER;ENVEJEC;CAMBIAR
RED.PRI;FALL.HER;INSTALAC;CAMBIAR
RED.PRI;FALL.HER;SULF;REPARAR
RED.PRI;FALL.LIN;CAPA.CI;MODIFICA
RED.PRI;FALL.LIN;CAPA.VF;AJUSTAR
RED.PRI;FALL.LIN;CORT.ANI;RETIRAR
RED.PRI;FALL.LIN;CORT.OBJ;RETIRAR
RED.PRI;FALL.LIN;CORT.VEG;RETIRAR
RED.PRI;FALL.LIN;CORTO.AT;REPARAR
RED.PRI;FALL.LIN;CORTO.TE;REPARAR
RED.PRI;FALL.LIN;CORTO.VI;AJUSTAR
RED.PRI;FALL.LIN;DESG.MC;CAMBIAR
RED.PRI;FALL.LIN;DESG.OBS;CAMBIAR
RED.PRI;FALL.LIN;DISP.ATM;N/A
RED.PRI;FALL.LIN;DISP.DES;N/A
RED.PRI;FALL.LIN;DISTANCI;AJUSTAR
RED.PRI;FALL.LIN;EMPALME;REPARAR
RED.PRI;FALL.LIN;LDEST;AJUSTAR
RED.PRI;FALL.LIN;TERCEROS;AJUSTAR
RED.PRI;FALL.PT;FUER.DIS;AJUSTAR
RED.PRI;FALL.PT;HURTO;REPONER
RED.PRI;FALL.PT;ROTA;REPARAR
RED.PRI;FALL.TEN;DESCONOCIDA;SERVI.NORMAL
REGU ELECT;ALARMREGULAD;DANOTARJ;CAMBIAR
REGU ELECT;FALLASUICH;DANMODULO;CORREGIR
REGU ELECT;NOFRECUENC;DANOTARJ;CORREGIR
REGU ELECT;NOREGULAPOTE;DANOTARJCONT;CORREGIR
REGU ELECT;NOREGULAPOTE;SISMECANDIST;REPARAR
REGU ELECT;NOSENSVELOCID;DANSENSOR;CORREGIR
REGU ELECT;NOSENSVELOCID;DISTASENSRUED;CALIBRAR
REGU ELECT;NOSENSVELOCID;REALIMEN;CORREGIR
REGU ELECT;NOVELOCMAQUI;DANOTARJ;CORREGIR
REGU ELECT;NOVELOSUICH;DANOTARJ;CORREGIR
REGU ELECT;VARIACIVELOCID;CONTROL;CORREGIR
REGU ELECT;VARIACIVELOCID;SISMECANIBLOQ;CORREGIR
REGU TENS;ALARMFALVENTIL;CONTROL;CORREGIR
REGU TENS;CORRIGENERADOR;CIRCUDISPA;CORREGIR
REGU TENS;CORRIGENERADOR;CONSIGNOPERAT;CORREGIR
REGU TENS;DANOREGULTENS;PERILLAMALA;CAMBIAR
REGU TENS;DANOREGULTENS;PERILLAMALA;REPARAR
REGU TENS;ESTA50%VOLTAJ;DEVANADOABIER;CORREGIR
REGU TENS;FALLABATERIA;CIRCUDISPA;CORREGIR
REGU TENS;FALLALIMENTAC;CIRCUCONTPRE;CORREGIR
REGU TENS;FALLALIMENTAC;FALLABATERIA;CAMBIAR
REGU TENS;FALLALIMENTAC;FALLABATERIA;CARGAR
REGU TENS;NOCORRIENTE;CIRCUDISPA;CORREGIR
REGU TENS;NOCORRIENTE;DEVANADOABIER;CORREGIR
REGU TENS;NOPOTENCIAREAC;CIRCUDISPA;CORREGIR
REGU TENS;TCALOTIRISTOR;CONTAMIN;LIMPIAR
REGU TENS;VOL_RNG;APERCIRC;CERRAR
REGU TENS;VOL_RNG;APERCIRC;CORREGIR
REGU TENS;VOL_RNG;BREAKPREABIER;REPARAR
REGU TENS;VOL_RNG;CIRCUITOABIER;CORREGIR
REGU TENS;VOL_RNG;CIRCUITOABIER;RESTABLECER
REGU TENS;VOL_RNG;DANOTARJCONT;CORREGIR
REGU TENS;VOL_RNG;DANOTARJCONT;REPARAR
REGU TENS;VOL_RNG;DESCALTRANSDUC;CALIBRAR
REGU TENS;VOL_RNG;FALALIMTABLE;CORREGIR
REGU TENS;VOL_RNG;FALALIMTABLE;REPARAR
REGU TENS;VOL_RNG;INTERRUABIER;REPARAR
REGU TENS;VOL_RNG;OPESISTCONTR;CORREGIR
REGU TENS;VOL_RNG;PERDIAISLAMI;CORREGIR
REGU TENS;VOL_RNG;PERDIDAISLAMI;CAMBIAR
REGU TENS;VOL_RNG;SET.POINTDESAJ;AJUSTAR
REGU TENS;VOL_RNG;SET.POINTDESAJ;CALIBRAR
REGU TENS;VOL_RNG;SISTIRISTO;CORREGIR
REGU TENS;VOL_RNG;TRANSDESC;CALIBRAR
REGU TENS;VOL_RNG;UNIONPOLARES;CORREGIR
REGU TENS;VOLTATECHONEGA;CIRCUDISPA;CORREGIR
REGU TENS;VOLTATECHOPOSI;CIRCUDISPA;CORREGIR
RELEPROTECCION;NO.CONTRS.EQALA;AUSENCONT;AJUSTAR
RELEPROTECCION;NO.CONTRS.EQALA;AUSENCONT;CAMBIAR
RELEPROTECCION;NO.CONTRS.EQALA;BAJVOLTALIMEN;AJUSTAR
RELEPROTECCION;NO.CONTRS.EQALA;BAJVOLTALIMEN;CAMBIAR
RELEPROTECCION;NO.CONTRS.EQALA;BOBIQUEM;AJUSTAR
RELEPROTECCION;NO.CONTRS.EQALA;BOBIQUEM;CAMBIAR
RELEPROTECCION;NO.CONTRS.EQALA;FALLFUNCIONA;AJUSTAR
RELEPROTECCION;NO.CONTRS.EQALA;FALLFUNCIONA;CAMBIAR
RELEPROTECCION;NO.CONTRS.EQALA;FALLPROG;AJUSTAR
RELEPROTECCION;NO.CONTRS.EQALA;FALLPROG;CAMBIAR
RELEPROTECCION;NO.CONTRS.EQALA;OPERETARD;AJUSTAR
RELEPROTECCION;NO.CONTRS.EQALA;OPERETARD;CAMBIAR
ROTAGEN;ATASCADO;ACCESORIO;REPARAR
ROTAGEN;ATASCADO;RODRECAL;CAMBIAR
ROTAGEN;ATASCADO;RODRECAL;REPARAR
ROTAGEN;FALT.NIVEL;FILT.SUCIO;CAMBIAR
ROTAGEN;FALT.NIVEL;FILT.SUCIO;LIMPIAR
ROTAGEN;FALT.NIVEL;FILT.SUCIO;REPARAR
ROTAGEN;FALT.NIVEL;FUGA;CAMBIAR
ROTAGEN;FALT.NIVEL;FUGA;REPARAR
ROTAGEN;FALT.PRES;EMPDANA;CAMBIAR
ROTAGEN;FALT.PRES;FILT.SUCIO;CAMBIAR
ROTAGEN;FRENADO;RODRECAL;REPARAR
ROTAGEN;FRENADO;TRANSMIS1;CAMBIAR
ROTAGEN;FRENADO;TRANSMIS1;REPARAR
ROTAGEN;FRENADO;TRANSMIS2;CAMBIAR
ROTAGEN;FUGA;ACCESORIO;BALANCEA
ROTAGEN;FUGA;ACCESORIO;CAMBIAR
ROTAGEN;FUGA;ACCESORIO;REPARAR
ROTAGEN;FUGA;DESBALAN;BALANCEA
ROTAGEN;FUGAEMP;EMPDANA;CAMBIAR
ROTAGEN;FUGAEMP;EMPDANA;REPARAR
ROTAGEN;FUGAEMP;PRESSELL;REPARAR
ROTAGEN;FUGASELL;CARASELL;CAMBIAR
ROTAGEN;FUGASELL;CARASELL;REPARAR
ROTAGEN;FUGASELL;PRESSELL;REPARAR
ROTAGEN;FUGASELL;TRANSMIS1;REPARAR
ROTAGEN;ROTURA;FALL.MECA;CAMBIAR
ROTAGEN;ROTURA;FALL.MECA;LIMPIAR
ROTAGEN;ROTURA;FALL.MECA;REPARAR
ROTAGEN;ROTURA;FILT.SUCIO;LIMPIAR
ROTAGEN;RUI.EXC;DESGECOB;CAMBIAR
ROTAGEN;RUI.EXC;FALL.MECA;REPARAR
ROTAGEN;RUI.EXC;RODFALLA;CAMBIAR
ROTAGEN;RUI.EXC;RODFALLA;REPARAR
ROTAGEN;VIBRACIO;DESBALAN;BALANCEA
ROUTER;CONFIGURACION;PERDI.CONFIG;CONFIGURAR
ROUTER;DISP.BLO;BLOQUEO;REINICIAR
ROUTER;ENRUTAMIENTO;DESCONFIPROTO;CONFIGURAR
ROUTER;ENRUTAMIENTO;PERDIENRUTAM;CONFIGURAR
ROUTER;MEMORIFLASH;PERDIDATOS;RECARGAR
ROUTER;MEMORIFLASH;QUEMADO;CAMBIAR
ROUTER;PROTECCIONES;PROTECTOR;CAMBIAR
ROUTER;SIST_OPERATIV;DANSISOPERATI;REINSTALAR
ROUTER;TARJETAPPAL;DANOTOTAL;CAMBIAR
ROUTER;TARJETAPPAL;MODUPOTEN;CAMBIAR
ROUTER;TARJETAPPAL;MODUPOTEN;REPARAR
ROUTER;TARJETAPPAL;PROTECTOR;CAMBIAR
ROUTER;TARJETAPPAL;PUERTO;CAMBIAR
ROUTER;VRF;PERDI.CONFIG;CONFIGURAR
SECCIONA;BLOQUEOELCTR;BOBINAQUEMAD;CAMBIAR
SECCIONA;BLOQUEOELCTR;FALALIMCONT;RESTABLECER
SECCIONA;BLOQUEOELCTR;TRINQUEPEGAD;LUBRICAR
SECCIONA;BLOQUEOMECAN;DESAJUMECANI;CALIBRAR
SECCIONA;BLOQUEOMECAN;RUPTURAMECAN;CAMBIAR
SECCIONA;BRAZODESALID;DESAJUMECANI;CALIBRAR
SECCIONA;BRAZODESALID;SUICHELIMDESC;CALIBRAR
SECCIONA;CABPUETIEFAL;CABLESUELTO;SOLDAR
SECCIONA;CABPUETIEFAL;CABTIERROTO;CAMBIAR
SECCIONA;CONECTDEFECT;CALENTAMIENTO;CAMBIAR
SECCIONA;CONECTDEFECT;CONTAMINACION;CAMBIAR
SECCIONA;DANOINFRAEST;FUNDACDETERI;REPARAR
SECCIONA;DANOINFRAEST;HUNDIMTERRE;RECONSTRUIR
SECCIONA;F.APE/CI;AISLADOR;CAMBIAR
SECCIONA;F.APE/CI;ATMOSF;CAMBIAR
SECCIONA;F.APE/CI;CONTADOR;CAMBIAR
SECCIONA;F.APE/CI;DESGASTE;CAMBIAR
SECCIONA;F.APE/CI;FALT.LUB;LUBRIC
SECCIONA;F.APE/CI;FLAMEO;CAMBIAR
SECCIONA;F.APE/CI;MANIOBRA;CAMBIAR
SECCIONA;FALLAAPERTUR;BIELAREVENTA;CAMBIAR
SECCIONA;FALLAAPERTUR;BOBINAQUEMAD;CAMBIAR
SECCIONA;FALLAAPERTUR;DANOMECANICO;REPARAR
SECCIONA;FALLAAPERTUR;EJESUELTO;ACOPLAR
SECCIONA;FALLAAPERTUR;FALALIMCONT;RESTABLECER
SECCIONA;FALLAAPERTUR;MOTORQUEMAD;CAMBIAR
SECCIONA;FALLAAPERTUR;RECORRINCOMP;CALIBRAR
SECCIONA;FALLAAPERTUR;RODAMIPEGADO;LUBRICAR
SECCIONA;FALLACIERRE;BIELAREVENTA;CAMBIAR
SECCIONA;FALLACIERRE;BOBINAQUEMAD;CAMBIAR
SECCIONA;FALLACIERRE;DANOMECANICO;REPARAR
SECCIONA;FALLACIERRE;EJESUELTO;ACOPLAR
SECCIONA;FALLACIERRE;FALALIMCONT;RESTABLECER
SECCIONA;FALLACIERRE;MOTORQUEMAD;CAMBIAR
SECCIONA;FALLACIERRE;RECORRINCOMP;CALIBRAR
SECCIONA;FALLACIERRE;RODAMIPEGADO;LUBRICAR
SECCIONA;HUMEGABICONT;CALEFACCMALA;REPARAR
SECCIONA;HUMEGABICONT;EMPAQUEDANAD;CAMBIAR
SECCIONA;HUMEGABICONT;GABINETEROTO;CAMBIAR
SECCIONA;HUMEGABICONT;GABINETEROTO;REPARAR
SECCIONA;HUMEGABICONT;PRENSAESDEFE;CAMBIAR
SECCIONA;MALAJUSTECON;CONTACTODESG;CAMBIAR
SECCIONA;MALAJUSTECON;RESORTEDEFEC;CAMBIAR
SECCIONA;NOLUCEACEPTA;CORROSION;PINTAR
SECCIONA;NOLUCEACEPTA;SUCIEDAD;LIMPIAR
SECCIONA;PERDIDAGALVI;CORROSION;CAMBIAR
SECCIONA;PERDIDAGALVI;CORROSION;PINTAR
SW;CONFIGURACION;PERDI.CONFIG;CONFIGURAR
SW;DISP.BLO;BLOQUEO;REINICIAR
SW;ENRUTAMIENTO;DESCONFIPROTO;CONFIGURAR
SW;ENRUTAMIENTO;PERDIENRUTAM;CONFIGURAR
SW;MEMORIFLASH;PERDIDATOS;RECARGAR
SW;MEMORIFLASH;QUEMADO;CAMBIAR
SW;PERDIDASENAL;HURTO;REPONER
SW;PROTECCIONES;PROTECTOR;CAMBIAR
SW;SIST_OPERATIV;DANSISOPERATI;REINSTALAR
SW;TARJETAPPAL;DANOTOTAL;CAMBIAR
SW;TARJETAPPAL;MODUPOTEN;CAMBIAR
SW;TARJETAPPAL;MODUPOTEN;REPARAR
SW;TARJETAPPAL;PROTECTOR;CAMBIAR
SW;TARJETAPPAL;PUERTO;CAMBIAR
TABLEDIST;AISLADORFALL;DEFORMACION;CAMBIAR
TABLEDIST;BARRA ABIERTA;CALENTAMIENTO;CAMBIAR
TABLEDIST;CABPUETIEFAL;CABLESUELTO;SOLDAR
TABLEDIST;CABPUETIEFAL;CABTIERROTO;CAMBIAR
TABLEDIST;FALTAALIMENT;BORNEABIERTO;CERRAR
TABLEDIST;FALTAALIMENT;BREAKERABIER;REARMAR
TABLEDIST;FALTAALIMENT;BREAKERMALO;CAMBIAR
TABLEDIST;FALTAALIMENT;FUENTEABIERT;REVISAR
TABLEDIST;NOENVSENALAR;FALALIMSEN;RESTABLECER
TABLEDIST;NOENVSENALAR;RELEFALLADO;CAMBIAR
TABLEDIST;NOLUCEACEPTA;CORROSION;PINTAR
TABLEDIST;NOLUCEACEPTA;SUCIEDAD;LIMPIAR
TABLEDIST;NOMUESVARIE;FALALIMSEN;RESTABLECER
TABLEDIST;NOMUESVARIE;INSTRUFALLA;CAMBIAR
TABLEROCONTROL;CORT.SOBREC;FALLAISLAM;REPARAR
TABLEROCONTROL;CORT.SOBREC;QUEMADO;CAMBIAR
TABLEROCONTROL;FALSUMINIS;FALSUMTRAELECT;REPARAR
TABLEROCONTROL;ROTURA;DESG.OBS;REPARAR
TABLEROCONTROL;ROTURA;FATIGA;REPARAR
TABLEROCONTROL;SOBRCALENT;QUEMADO;CAMBIAR
TABLEROPOTENCIA;CORT.SOBREC;FALLAISLAM;REPARAR
TABLEROPOTENCIA;CORT.SOBREC;QUEMADO;CAMBIAR
TORRE;ESTRUCTURAL;AVERIA;REPARAR
TORRE;ESTRUCTURAL;DETERIORO;REPARAR
TORRE;ESTRUCTURAL;LUCESOBST;CAMBIAR
TORRE;PUES.TIERRA;CABLE;AJUSTAR
TORRE;PUES.TIERRA;CABLE;CAMBIAR
TORRE;PUES.TIERRA;CONEXION;CAMBIAR
TORRE;PUES.TIERRA;CUCHILLA;CAMBIAR
TORRE;PUES.TIERRA;HURTO;REPONER
TRAFOPOT;CABPUETIEFAL;CABLESUELTO;SOLDAR
TRAFOPOT;CABPUETIEFAL;CABTIERROTO;CAMBIAR
TRAFOPOT;DANOINFRAEST;FUNDACDETERI;REPARAR
TRAFOPOT;DANOINFRAEST;HUNDIMTERRE;RECONSTRUIR
TRAFOPOT;FALLASISREFR;ACCESORIO;CAMBIAR
TRAFOPOT;FALLASISREFR;ACCESORIO;REPARAR
TRAFOPOT;FALLASISREFR;FALALIMCONT;RESTABLECER
TRAFOPOT;FALLASISREFR;FALLACONTVEN;REPARAR
TRAFOPOT;FALLASISREFR;RADIADOROBST;REVISAR
TRAFOPOT;FALLASISREFR;VALVULACERRA;ABRIR
TRAFOPOT;FALLASISREFR;VENTILADANAD;CAMBIAR
TRAFOPOT;FUGAACEITE;EMPAQUEDANAD;CAMBIAR
TRAFOPOT;FUGAACEITE;RADIADORROTO;REPARAR
TRAFOPOT;FUGAACEITE;SOLDADEFICIE;REPARAR
TRAFOPOT;FUGAACEITE;TANQUEPERFOR;REPARAR
TRAFOPOT;FUGAACEITE;TUBERIAPERFO;REPARAR
TRAFOPOT;FUGAACEITE;VALVMALCERRA;CERRAR
TRAFOPOT;FUGAACEITE;VALVULAMALA;CAMBIAR
TRAFOPOT;HUMEGABICONT;CALEFACCMALA;REPARAR
TRAFOPOT;HUMEGABICONT;EMPAQUEDANAD;CAMBIAR
TRAFOPOT;HUMEGABICONT;GABINETEROTO;CAMBIAR
TRAFOPOT;HUMEGABICONT;GABINETEROTO;REPARAR
TRAFOPOT;HUMEGABICONT;PRENSAESDEFE;CAMBIAR
TRAFOPOT;NOALMDERACE;FOSOSATURADO;LIMPIAR
TRAFOPOT;NODREDERACE;DRENAJEOBSTRU;LIMPIAR
TRAFOPOT;NOENVSENALAR;CONTACDANADO;CAMBIAR
TRAFOPOT;NOENVSENALAR;FALALIMSEN;RESTABLECER
TRAFOPOT;NOENVSENDISP;CONTACDANADO;CAMBIAR
TRAFOPOT;NOENVSENDISP;FALALIMDISP;RESTABLECER
TRAFOPOT;NOGARAINAISE;DESHFALLADO;CAMBIAR
TRAFOPOT;NOGARAINAISE;FALALIMCTO;RESTABLECER
TRAFOPOT;NOGARAINAISE;SILICAMALA;CAMBIAR
TRAFOPOT;NOGARAINAISE;VASOROTO;CAMBIAR
TRAFOPOT;NOLUCEACEPTA;CORROSION;PINTAR
TRAFOPOT;NOLUCEACEPTA;SUCIEDAD;LIMPIAR
TRAFOPOT;NOMUEVETRAFO;RIELESDESALI;REPARAR
TRAFOPOT;NOTRANSFOR;BUJEFALLADO;CAMBIAR
TRAFOPOT;NOTRANSFOR;CAMBIADFALLA;REPARAR
TRAFOPOT;NOTRANSFOR;CONEXIONDEFE;REPARAR
TRAFOPOT;NOTRANSFOR;PROTOPERINCO;REVISAR
TRAFOPOT;NOTRANSFOR;RESPIROBSTRU;DESOBSTRUIR
TRAFOPOT;NOTRANSFOR;TRANSFALLADO;CAMBIAR
TRAFOPOT;NOTRANSFOR;UNIONDEFECTU;REPARAR
TRAFOPOT;NOTRANSFOR;VALVULACERRA;ABRIR
TRAFOPOT;NOVAVOSARECA;DAMECMECAOPE;REPARAR
TRAFOPOT;NOVAVOSARECA;DAMECOPSELRU;REPARAR
TRAFOPOT;NOVAVOSARECA;FALLAALIMEN;RESTABLECER
TRAFOPOT;NOVAVOSARECA;FALLACONMEOP;REPARAR
TRAFOPOT;NOVAVOSARECA;FALSENTENPOT;REVISAR
TRAFOPOT;NOVAVOSARECA;REGTENMALCAL;CALIBRAR
TRAFOPOT;NOVAVOSARECA;REGUTENSMALO;CAMBIAR
TRAFOPOT;NOVAVOSARESC;CAMBLOMEC;REPARAR
TRAFOPOT;NOVAVOSARESC;MALCONTINT;REPARAR
TRAFOPOT;PERDIDAGALVI;CORROSION;CAMBIAR
TRAFOPOT;PERDIDAGALVI;CORROSION;PINTAR
TRAFOPOTE;CABPUETIEFAL;CABLESUELTO;SOLDAR
TRAFOPOTE;CABPUETIEFAL;CABTIERROTO;CAMBIAR
TRAFOPOTE;DANOINFRAEST;FUNDACDETERI;REPARAR
TRAFOPOTE;DANOINFRAEST;HUNDIMTERRE;RECONSTRUIR
TRAFOPOTE;DESTRUCCION;PERDIDAISLAMI;CAMBIAR
TRAFOPOTE;FUGAACEITE;EMPAQUEDANAD;CAMBIAR
TRAFOPOTE;FUGAACEITE;PORCELARROTA;CAMBIAR
TRAFOPOTE;FUGAACEITE;SOLDADEFICIE;CAMBIAR
TRAFOPOTE;FUGAACEITE;TANQUEPERFOR;CAMBIAR
TRAFOPOTE;HUMEGABICONE;CALEFACCMALA;REPARAR
TRAFOPOTE;HUMEGABICONE;EMPAQUEDANAD;CAMBIAR
TRAFOPOTE;HUMEGABICONE;GABINETEROTO;CAMBIAR
TRAFOPOTE;HUMEGABICONE;GABINETEROTO;REPARAR
TRAFOPOTE;HUMEGABICONE;PRENSAESDEFE;CAMBIAR
TRAFOPOTE;NOENVSENALAR;CONTACDANADO;CAMBIAR
TRAFOPOTE;NOENVSENALAR;FALALIMSEN;RESTABLECER
TRAFOPOTE;NOLUCEACEPTA;SUCIEDAD;LIMPIAR
TRAFOPOTE;NOLUCEACEPTA;SUCIEDAD;PINTAR
TRAFOPOTE;NOTRANSFOR;CABLESUELTO;CONECTAR
TRAFOPOTE;NOTRANSFOR;CALENTAMIENTO;CAMBIAR
TRAFOPOTE;NOTRANSFOR;CONECTDEFECT;CAMBIAR
TRAFOPOTE;NOTRANSFOR;CONTAMINACION;CAMBIAR
TRAFOPOTE;NOTRANSFOR;TERMINALSUEL;CAMBIAR
TRAFOPOTE;NOVISUANIVEL;INDICADORDAN;CAMBIAR
TRAFOPOTE;NOVISUANIVEL;INDICADORSUC;LIMPIAR
TRAFOPOTE;PERDIDAGALVI;CORROSION;CAMBIAR
TRAFOPOTE;PERDIDAGALVI;CORROSION;PINTAR
TRAFOPOTE;PERDIDASENAL;BORNEABIERTO;CERRAR
TRAFOPOTE;PERDIDASENAL;BREAKERABIER;REARMAR
TRAFOPOTE;PERDIDASENAL;TERMINALSUEL;REPARAR
TRAFOPOTE;VAELFUERANGO;DANOINTERNO;CAMBIAR
UPH;ELU;AFLOJAM.DESGAS;REPARAR
UPH;ELU;FILTRACTANQ;REPARAR
UPH;PERD.PRES;ELU;REPARAR
UPH;PERD.PRES;FALLA.CONTROL;REPARAR
UPH;PERD.PRES;FALLA.ELECTROV;CAMBIAR
UPH;PERD.PRES;FALLA.ELECTROV;REPARAR
UPH;PERD.PRES;OBSTRUCFILTR;CAMBIAR
UPH;PERD.PRES;OBSTRUCFILTR;LIMPIAR
UPS;BATERIA;BATE.DESCAR;CAMBIAR
UPS;BATERIA;BATE.DESCAR;CARGAR
UPS;BATERIA;DANOTOTAL;CAMBIAR
UPS;CONFIGURACION;PERDI.CONFIG;CONFIGURAR
UPS;CONTROLAD;DANOTOTAL;CAMBIAR
UPS;DISP.BLO;BLOQUEO;REINICIAR
UPS;ELU;AFLOJAM.DESGAS;REPARAR
UPS;ELU;FILTRACTANQ;REPARAR
UPS;PERD.PRES;ELU;REPARAR
UPS;PERD.PRES;FALLA.CONTROL;REPARAR
UPS;PERD.PRES;FALLA.ELECTROV;CAMBIAR
UPS;PERD.PRES;FALLA.ELECTROV;REPARAR
UPS;PERD.PRES;OBSTRUCFILTR;CAMBIAR
UPS;PERD.PRES;OBSTRUCFILTR;LIMPIAR
UPS;PROTECCIONES;PROTECTOR;CAMBIAR
UPS;TARJETAPPAL;DANOTOTAL;CAMBIAR
UPS;TARJETAPPAL;MODUPOTEN;CAMBIAR
UPS;TARJETAPPAL;MODUPOTEN;REPARAR
UPS;TARJETAPPAL;PROTECTOR;CAMBIAR
UPS;TARJETAPPAL;PUERTO;CAMBIAR
VALVULA;ATASCAD;FALT.LUB;CAMBIAR
VALVULA;ATASCAD;FALT.LUB;LUBRICAR
VALVULA;ATASCAD;FRACTURA;CAMBIAR
VALVULA;ATASCAD;FRACTURA;REPARAR
VALVULA;ATASCAD;MAT.DESC;CAMBIAR
VALVULA;ATASCAD;MAT.DESC;LIMPIAR
VALVULA;ATASCAD;SELL.DES;REPARAR
VALVULA;CONTELECHIDRA;DESAJUSVALV;AJUSTAR
VALVULA;CONTELECHIDRA;DESAJUSVALV;REPARAR
VALVULA;CONTELECHIDRA;NOCIERVALV;REPARAR
VALVULA;DISP.BLO;RECORRIVALVU;REPARAR
VALVULA;FUGAEXT;ALTA.PRES;REPARAR
VALVULA;FUGAEXT;CORREXT;CAMBIAR
VALVULA;FUGAEXT;FACT.HUM;CAMBIAR
VALVULA;FUGAEXT;FACT.HUM;REINSTAL
VALVULA;FUGAEXT;INSTALAC;CAMBIAR
VALVULA;FUGAEXT;INSTALAC;REINSTAL
VALVULA;FUGAEXT;ROTURA;CAMBIAR
VALVULA;FUGAINT;ALTA.PRES;REPARAR
VALVULA;FUGAINT;CIERREDEFEC;REPARAR
VALVULA;FUGAINT;CORRINT;CAMBIAR
VALVULA;FUGAINT;FACT.HUM;CAMBIAR
VALVULA;FUGAINT;FACT.HUM;REINSTAL
VALVULA;FUGAINT;VIBRACIO;REPARAR
VALVULA;GIRO.PAR;FALT.LUB;CAMBIAR
VALVULA;GIRO.PAR;FALT.LUB;LUBRICAR
VALVULA;GIRO.PAR;SELL.DES;REPARAR
VALVULA;NO.SELLA;SELL.MAL;CAMBIAR
VALVULA;NO.SELLA;SELO.DES;CAMBIAR
VALVULA;NOABREVALVADM;BAJAPRESION;REVISAR
VALVULA;NOABREVALVADM;CONTELECHIDRA;REVISAR
VALVULA;NOINDICAPOSI;CONTROL;REPARAR
